MulticlassAccuracy,MulticlassF1Score,epoch,step,test_MulticlassAccuracy,test_MulticlassF1Score,test_loss,train_loss,val_MulticlassAccuracy,val_MulticlassF1Score,val_loss
0.0,0.0,0,9,,,,4.601813316345215,,,
0.0078125,0.0062500000931322575,0,19,,,,4.583270072937012,,,
0.0,0.0,0,29,,,,4.573596000671387,,,
0.0078125,0.0001755617995513603,0,39,,,,4.493071556091309,,,
0.0390625,0.020395610481500626,0,49,,,,4.501190185546875,,,
0.0234375,0.011840062215924263,0,59,,,,4.504420757293701,,,
0.0234375,0.006640625186264515,0,69,,,,4.339632987976074,,,
0.0390625,0.011332981288433075,0,79,,,,4.260793685913086,,,
0.1015625,0.06991567462682724,0,89,,,,4.2205657958984375,,,
0.0390625,0.03139881044626236,0,99,,,,4.205938816070557,,,
0.0859375,0.07114867120981216,0,109,,,,4.227508544921875,,,
0.078125,0.0612909235060215,0,119,,,,4.121105194091797,,,
0.078125,0.0406104177236557,0,129,,,,4.032368183135986,,,
0.09375,0.06326096504926682,0,139,,,,4.021198272705078,,,
0.0703125,0.04265422374010086,0,149,,,,4.188112258911133,,,
0.109375,0.07509348541498184,0,159,,,,3.887722969055176,,,
0.0625,0.03178323432803154,0,169,,,,4.118414878845215,,,
0.0625,0.04698660969734192,0,179,,,,4.029167652130127,,,
0.0546875,0.03913404792547226,0,189,,,,3.9001362323760986,,,
0.0859375,0.061275701969861984,0,199,,,,3.8225185871124268,,,
0.125,0.08857850730419159,0,209,,,,3.8655617237091064,,,
0.078125,0.07690972089767456,0,219,,,,3.85711932182312,,,
0.0703125,0.0522058829665184,0,229,,,,3.8598036766052246,,,
0.109375,0.09287236630916595,0,239,,,,3.754549980163574,,,
0.09375,0.09410342574119568,0,249,,,,3.837661027908325,,,
0.0703125,0.05859375,0,259,,,,3.7757649421691895,,,
0.1015625,0.07213541865348816,0,269,,,,3.8133795261383057,,,
0.0625,0.039681412279605865,0,279,,,,3.828425645828247,,,
0.171875,0.13671875,0,289,,,,3.7162528038024902,,,
0.1328125,0.1184895858168602,0,299,,,,3.5897417068481445,,,
0.1328125,0.09760045260190964,0,309,,,,3.6004505157470703,,,
0.1484375,0.12552084028720856,0,319,,,,3.4793787002563477,,,
0.1640625,0.14170613884925842,0,329,,,,3.7193851470947266,,,
0.1328125,0.117280513048172,0,339,,,,3.6286630630493164,,,
0.1484375,0.111421138048172,0,349,,,,3.5456342697143555,,,
,,0,351,,,,,0.15479999780654907,0.13450442254543304,3.527207374572754
0.1640625,0.15249255299568176,1,359,,,,3.5017142295837402,,,
0.2109375,0.17573165893554688,1,369,,,,3.3657407760620117,,,
0.1484375,0.1259182244539261,1,379,,,,3.6220765113830566,,,
0.171875,0.14691221714019775,1,389,,,,3.5765740871429443,,,
0.1484375,0.11380209028720856,1,399,,,,3.4802846908569336,,,
0.15625,0.13630951941013336,1,409,,,,3.350083351135254,,,
0.1640625,0.12942709028720856,1,419,,,,3.308950901031494,,,
0.1875,0.1546638309955597,1,429,,,,3.305741786956787,,,
0.1640625,0.17232143878936768,1,439,,,,3.4553871154785156,,,
0.2109375,0.18373636901378632,1,449,,,,3.521703004837036,,,
0.1875,0.15306299924850464,1,459,,,,3.499269485473633,,,
0.1953125,0.184706449508667,1,469,,,,3.1429057121276855,,,
0.1875,0.17217262089252472,1,479,,,,3.2654943466186523,,,
0.1875,0.16824157536029816,1,489,,,,3.123992919921875,,,
0.2578125,0.25224679708480835,1,499,,,,3.201686382293701,,,
0.203125,0.17760416865348816,1,509,,,,3.276886463165283,,,
0.2109375,0.2165178656578064,1,519,,,,3.349672555923462,,,
0.1953125,0.17287947237491608,1,529,,,,3.433281421661377,,,
0.1953125,0.17273065447807312,1,539,,,,3.0660085678100586,,,
0.265625,0.24909023940563202,1,549,,,,3.187560796737671,,,
0.2578125,0.2221626490354538,1,559,,,,3.2847812175750732,,,
0.2421875,0.21588541567325592,1,569,,,,3.071782112121582,,,
0.2890625,0.27305924892425537,1,579,,,,2.9126038551330566,,,
0.234375,0.20773810148239136,1,589,,,,3.245265007019043,,,
0.2265625,0.20039063692092896,1,599,,,,3.044210910797119,,,
0.3125,0.27305975556373596,1,609,,,,2.886476516723633,,,
0.2109375,0.2085193544626236,1,619,,,,3.2561957836151123,,,
0.1640625,0.1473214328289032,1,629,,,,3.2346432209014893,,,
0.2109375,0.19185268878936768,1,639,,,,3.2053046226501465,,,
0.2578125,0.24642857909202576,1,649,,,,3.0444226264953613,,,
0.2734375,0.25322645902633667,1,659,,,,3.195388078689575,,,
0.25,0.25200894474983215,1,669,,,,3.005760669708252,,,
0.2421875,0.2599702477455139,1,679,,,,3.106417655944824,,,
0.2578125,0.23466022312641144,1,689,,,,3.032320499420166,,,
0.21875,0.20019221305847168,1,699,,,,3.1620922088623047,,,
,,1,703,,,,,0.2590000033378601,0.240753635764122,2.978026866912842
0.2421875,0.2323271930217743,2,709,,,,3.0676748752593994,,,
0.296875,0.29348957538604736,2,719,,,,2.9449334144592285,,,
0.2890625,0.28482142090797424,2,729,,,,2.865330219268799,,,
0.2734375,0.2735491096973419,2,739,,,,2.722158193588257,,,
0.2890625,0.28192585706710815,2,749,,,,2.7191059589385986,,,
0.2109375,0.18573909997940063,2,759,,,,2.9744091033935547,,,
0.2421875,0.2265625,2,769,,,,2.881305694580078,,,
0.3203125,0.3016369044780731,2,779,,,,2.728919744491577,,,
0.265625,0.24308036267757416,2,789,,,,2.905339479446411,,,
0.2734375,0.2706659436225891,2,799,,,,2.9656567573547363,,,
0.296875,0.2745535969734192,2,809,,,,2.8276548385620117,,,
0.21875,0.20677083730697632,2,819,,,,2.9858264923095703,,,
0.3203125,0.30202755331993103,2,829,,,,2.851746082305908,,,
0.3203125,0.31302082538604736,2,839,,,,2.8716211318969727,,,
0.3125,0.27656251192092896,2,849,,,,2.921358108520508,,,
0.2265625,0.23500744998455048,2,859,,,,2.9358296394348145,,,
0.2578125,0.24092261493206024,2,869,,,,3.0674638748168945,,,
0.296875,0.28165924549102783,2,879,,,,2.7215893268585205,,,
0.3515625,0.3322916626930237,2,889,,,,2.796154022216797,,,
0.265625,0.278683066368103,2,899,,,,2.7779927253723145,,,
0.2734375,0.2702752947807312,2,909,,,,2.794278144836426,,,
0.3046875,0.28965774178504944,2,919,,,,2.4447238445281982,,,
0.2890625,0.28809523582458496,2,929,,,,2.7534759044647217,,,
0.3125,0.2969245910644531,2,939,,,,2.8519601821899414,,,
0.328125,0.3036458492279053,2,949,,,,2.859328508377075,,,
0.2578125,0.23072916269302368,2,959,,,,2.916604995727539,,,
0.328125,0.3386160731315613,2,969,,,,2.859884262084961,,,
0.34375,0.33315354585647583,2,979,,,,2.6754467487335205,,,
0.2578125,0.24606896936893463,2,989,,,,2.7100815773010254,,,
0.265625,0.249162957072258,2,999,,,,2.9580111503601074,,,
0.296875,0.285022109746933,2,1009,,,,2.6577911376953125,,,
0.265625,0.24086682498455048,2,1019,,,,2.8576371669769287,,,
0.3203125,0.3088541626930237,2,1029,,,,2.7545294761657715,,,
0.296875,0.27340030670166016,2,1039,,,,2.6980340480804443,,,
0.3125,0.2922371029853821,2,1049,,,,2.716062545776367,,,
,,2,1055,,,,,0.34700000286102295,0.33345893025398254,2.578479528427124
0.3828125,0.37296009063720703,3,1059,,,,2.5339090824127197,,,
0.3359375,0.3013392984867096,3,1069,,,,2.7259933948516846,,,
0.2890625,0.2484273612499237,3,1079,,,,2.7519664764404297,,,
0.328125,0.2988365888595581,3,1089,,,,2.6568450927734375,,,
0.3828125,0.35394346714019775,3,1099,,,,2.628330707550049,,,
0.34375,0.3523995578289032,3,1109,,,,2.5316553115844727,,,
0.3203125,0.3237317204475403,3,1119,,,,2.6537413597106934,,,
0.40625,0.3812004029750824,3,1129,,,,2.295771360397339,,,
0.3828125,0.36408618092536926,3,1139,,,,2.3772025108337402,,,
0.359375,0.35533851385116577,3,1149,,,,2.4419171810150146,,,
0.34375,0.31458336114883423,3,1159,,,,2.5164804458618164,,,
0.2890625,0.27819323539733887,3,1169,,,,2.916797399520874,,,
0.3984375,0.3713913559913635,3,1179,,,,2.3604722023010254,,,
0.3828125,0.35234373807907104,3,1189,,,,2.517136573791504,,,
0.34375,0.32554563879966736,3,1199,,,,2.4848623275756836,,,
0.3515625,0.34306174516677856,3,1209,,,,2.549121141433716,,,
0.3359375,0.3223944306373596,3,1219,,,,2.5017240047454834,,,
0.4296875,0.4229166805744171,3,1229,,,,2.148179054260254,,,
0.4296875,0.4146205484867096,3,1239,,,,2.3341574668884277,,,
0.3984375,0.3785342574119568,3,1249,,,,2.196610927581787,,,
0.40625,0.3910127878189087,3,1259,,,,2.4062204360961914,,,
0.421875,0.40851932764053345,3,1269,,,,2.4407944679260254,,,
0.4296875,0.3872953951358795,3,1279,,,,2.1014928817749023,,,
0.2734375,0.27942711114883423,3,1289,,,,2.8545498847961426,,,
0.3515625,0.35331103205680847,3,1299,,,,2.685551166534424,,,
0.375,0.3806423544883728,3,1309,,,,2.4699032306671143,,,
0.328125,0.30528274178504944,3,1319,,,,2.770599603652954,,,
0.328125,0.3098214268684387,3,1329,,,,2.7028260231018066,,,
0.4609375,0.4581969380378723,3,1339,,,,1.9982590675354004,,,
0.4296875,0.4175843298435211,3,1349,,,,2.2448086738586426,,,
0.3515625,0.32864582538604736,3,1359,,,,2.2860333919525146,,,
0.3671875,0.3468683362007141,3,1369,,,,2.5658302307128906,,,
0.328125,0.31365329027175903,3,1379,,,,2.5106096267700195,,,
0.328125,0.30091145634651184,3,1389,,,,2.6763081550598145,,,
0.3984375,0.38121283054351807,3,1399,,,,2.441869020462036,,,
,,3,1407,,,,,0.37959998846054077,0.36544495820999146,2.3650267124176025
0.328125,0.29813653230667114,4,1409,,,,2.6006975173950195,,,
0.46875,0.46658891439437866,4,1419,,,,2.158167839050293,,,
0.34375,0.33848586678504944,4,1429,,,,2.3669981956481934,,,
0.328125,0.29441964626312256,4,1439,,,,2.4526872634887695,,,
0.3828125,0.4018973410129547,4,1449,,,,2.256114959716797,,,
0.390625,0.37247025966644287,4,1459,,,,2.395064115524292,,,
0.5,0.5055803656578064,4,1469,,,,2.0538406372070312,,,
0.40625,0.3804439902305603,4,1479,,,,2.3249666690826416,,,
0.484375,0.48738840222358704,4,1489,,,,2.1441287994384766,,,
0.4375,0.43270087242126465,4,1499,,,,2.2735915184020996,,,
0.4140625,0.4059523940086365,4,1509,,,,2.257869005203247,,,
0.4140625,0.4059895873069763,4,1519,,,,2.0998897552490234,,,
0.3984375,0.4029237627983093,4,1529,,,,2.320927619934082,,,
0.3359375,0.33261406421661377,4,1539,,,,2.5698485374450684,,,
0.40625,0.41084450483322144,4,1549,,,,2.246028423309326,,,
0.4609375,0.4596354365348816,4,1559,,,,2.339632034301758,,,
0.3671875,0.36592262983322144,4,1569,,,,2.3762173652648926,,,
0.3828125,0.38266369700431824,4,1579,,,,2.3326683044433594,,,
0.453125,0.45457592606544495,4,1589,,,,2.1232545375823975,,,
0.4296875,0.43271949887275696,4,1599,,,,2.2812530994415283,,,
0.3671875,0.3365699350833893,4,1609,,,,2.543506145477295,,,
0.453125,0.4498511850833893,4,1619,,,,2.467918872833252,,,
0.3984375,0.38367152214050293,4,1629,,,,2.198747158050537,,,
0.4296875,0.41199779510498047,4,1639,,,,2.2034332752227783,,,
0.359375,0.365327388048172,4,1649,,,,2.2914962768554688,,,
0.4140625,0.40889137983322144,4,1659,,,,2.3907511234283447,,,
0.4453125,0.441592276096344,4,1669,,,,1.9687674045562744,,,
0.421875,0.4245907664299011,4,1679,,,,2.1328530311584473,,,
0.3515625,0.3185268044471741,4,1689,,,,2.540315628051758,,,
0.40625,0.38071057200431824,4,1699,,,,2.36245059967041,,,
0.3671875,0.3638392984867096,4,1709,,,,2.2611124515533447,,,
0.4609375,0.43709075450897217,4,1719,,,,2.034609794616699,,,
0.4375,0.43775755167007446,4,1729,,,,2.1811306476593018,,,
0.3671875,0.3757440447807312,4,1739,,,,2.3119592666625977,,,
0.421875,0.3956349492073059,4,1749,,,,2.2548224925994873,,,
0.3472222089767456,0.3620370328426361,4,1759,,,,2.421170234680176,,,
,,4,1759,,,,,0.4106000065803528,0.39984503388404846,2.2726168632507324
0.4375,0.4178943634033203,5,1769,,,,2.120177984237671,,,
0.3984375,0.39774924516677856,5,1779,,,,2.301224946975708,,,
0.46875,0.4600756764411926,5,1789,,,,2.1199917793273926,,,
0.3828125,0.3872023820877075,5,1799,,,,2.2666444778442383,,,
0.4921875,0.4760974645614624,5,1809,,,,1.865101933479309,,,
0.515625,0.5124937891960144,5,1819,,,,2.0386319160461426,,,
0.484375,0.480840802192688,5,1829,,,,2.0151593685150146,,,
0.4140625,0.4160590171813965,5,1839,,,,2.281534194946289,,,
0.3125,0.2845238149166107,5,1849,,,,2.5742478370666504,,,
0.453125,0.44594496488571167,5,1859,,,,1.9609736204147339,,,
0.546875,0.5330233573913574,5,1869,,,,1.7133026123046875,,,
0.453125,0.4435470700263977,5,1879,,,,2.1504201889038086,,,
0.4296875,0.40461310744285583,5,1889,,,,2.19323992729187,,,
0.4609375,0.45837730169296265,5,1899,,,,2.0708322525024414,,,
0.46875,0.4474330246448517,5,1909,,,,1.8568344116210938,,,
0.421875,0.41664808988571167,5,1919,,,,2.3189406394958496,,,
0.4765625,0.4694196581840515,5,1929,,,,2.139054298400879,,,
0.46875,0.45995163917541504,5,1939,,,,1.9899053573608398,,,
0.421875,0.4085007309913635,5,1949,,,,2.0519633293151855,,,
0.453125,0.4213913679122925,5,1959,,,,2.302591323852539,,,
0.4140625,0.39475446939468384,5,1969,,,,2.046947717666626,,,
0.421875,0.4155692160129547,5,1979,,,,2.191253662109375,,,
0.4765625,0.46034228801727295,5,1989,,,,1.983860969543457,,,
0.46875,0.4743489623069763,5,1999,,,,2.013929843902588,,,
0.4453125,0.4538690745830536,5,2009,,,,2.142529249191284,,,
0.4453125,0.44915056228637695,5,2019,,,,2.092935085296631,,,
0.4765625,0.47734376788139343,5,2029,,,,2.0936567783355713,,,
0.46875,0.44794148206710815,5,2039,,,,1.9410591125488281,,,
0.375,0.35840773582458496,5,2049,,,,2.2034201622009277,,,
0.5234375,0.528528094291687,5,2059,,,,2.088958740234375,,,
0.5078125,0.5109561085700989,5,2069,,,,1.7392499446868896,,,
0.4609375,0.4495164155960083,5,2079,,,,1.9996507167816162,,,
0.4765625,0.46209079027175903,5,2089,,,,1.9829951524734497,,,
0.546875,0.5584635734558105,5,2099,,,,2.0964906215667725,,,
0.46875,0.4582465589046478,5,2109,,,,2.022099494934082,,,
,,5,2111,,,,,0.43880000710487366,0.43268221616744995,2.134521245956421
0.5,0.4786830544471741,6,2119,,,,1.7805821895599365,,,
0.40625,0.3923904299736023,6,2129,,,,2.038628578186035,,,
0.5,0.49253472685813904,6,2139,,,,1.8564778566360474,,,
0.4609375,0.4468750059604645,6,2149,,,,1.8599317073822021,,,
0.4765625,0.4663132429122925,6,2159,,,,2.0391438007354736,,,
0.4453125,0.42648810148239136,6,2169,,,,1.941266417503357,,,
0.453125,0.432353675365448,6,2179,,,,1.9415667057037354,,,
0.4453125,0.4454241394996643,6,2189,,,,1.9572023153305054,,,
0.515625,0.5016927123069763,6,2199,,,,1.8475439548492432,,,
0.4765625,0.44014137983322144,6,2209,,,,2.1238350868225098,,,
0.4765625,0.4511532783508301,6,2219,,,,2.0625011920928955,,,
0.453125,0.42631447315216064,6,2229,,,,2.0347886085510254,,,
0.5234375,0.5313243865966797,6,2239,,,,1.8814642429351807,,,
0.40625,0.4098958373069763,6,2249,,,,2.2873587608337402,,,
0.4609375,0.4450334906578064,6,2259,,,,1.9595504999160767,,,
0.4453125,0.4363095164299011,6,2269,,,,2.0202717781066895,,,
0.484375,0.44896000623703003,6,2279,,,,1.8735367059707642,,,
0.4765625,0.4654824137687683,6,2289,,,,1.7683234214782715,,,
0.53125,0.5260788798332214,6,2299,,,,1.6703146696090698,,,
0.515625,0.5311012268066406,6,2309,,,,1.8545509576797485,,,
0.5078125,0.5078125,6,2319,,,,1.8530570268630981,,,
0.484375,0.4857909679412842,6,2329,,,,1.935424566268921,,,
0.4609375,0.4632440507411957,6,2339,,,,1.903773546218872,,,
0.453125,0.4520833492279053,6,2349,,,,2.0840511322021484,,,
0.453125,0.4489397406578064,6,2359,,,,1.8569450378417969,,,
0.53125,0.5404266119003296,6,2369,,,,1.7887582778930664,,,
0.53125,0.529228687286377,6,2379,,,,1.8988455533981323,,,
0.390625,0.39447546005249023,6,2389,,,,2.122863292694092,,,
0.578125,0.5869667530059814,6,2399,,,,1.610382318496704,,,
0.3984375,0.389756977558136,6,2409,,,,2.1052048206329346,,,
0.5078125,0.48613590002059937,6,2419,,,,1.7698378562927246,,,
0.421875,0.42400795221328735,6,2429,,,,1.9783271551132202,,,
0.4296875,0.4190538227558136,6,2439,,,,1.969629168510437,,,
0.5234375,0.5167534351348877,6,2449,,,,1.8728315830230713,,,
0.515625,0.4861421287059784,6,2459,,,,1.8077524900436401,,,
,,6,2463,,,,,0.47200000286102295,0.4603424668312073,1.9971544742584229
0.5390625,0.5309523940086365,7,2469,,,,1.7258028984069824,,,
0.546875,0.5504961013793945,7,2479,,,,1.8998113870620728,,,
0.5078125,0.5161255598068237,7,2489,,,,1.8833229541778564,,,
0.5,0.5134300589561462,7,2499,,,,1.8383498191833496,,,
0.5078125,0.4951016902923584,7,2509,,,,1.8202869892120361,,,
0.484375,0.49501490592956543,7,2519,,,,1.8460631370544434,,,
0.5859375,0.5587425827980042,7,2529,,,,1.7391457557678223,,,
0.5,0.4860925078392029,7,2539,,,,1.7994627952575684,,,
0.5390625,0.5169271230697632,7,2549,,,,1.8193774223327637,,,
0.5234375,0.5336185693740845,7,2559,,,,1.9532711505889893,,,
0.5,0.4812127947807312,7,2569,,,,1.7706069946289062,,,
0.5234375,0.5035589933395386,7,2579,,,,1.7261078357696533,,,
0.5703125,0.5572916865348816,7,2589,,,,1.7284624576568604,,,
0.578125,0.5784846544265747,7,2599,,,,1.474718689918518,,,
0.453125,0.4616319537162781,7,2609,,,,1.762197732925415,,,
0.484375,0.4814918339252472,7,2619,,,,1.8778955936431885,,,
0.5546875,0.529737114906311,7,2629,,,,1.6282474994659424,,,
0.5390625,0.53107750415802,7,2639,,,,1.624000906944275,,,
0.484375,0.46999627351760864,7,2649,,,,1.8748565912246704,,,
0.453125,0.46228915452957153,7,2659,,,,1.784538984298706,,,
0.53125,0.5274553894996643,7,2669,,,,1.8206117153167725,,,
0.5234375,0.5244419574737549,7,2679,,,,1.7144391536712646,,,
0.59375,0.575558066368103,7,2689,,,,1.4345417022705078,,,
0.578125,0.5696142315864563,7,2699,,,,1.653782844543457,,,
0.609375,0.5855333805084229,7,2709,,,,1.486189365386963,,,
0.53125,0.528087854385376,7,2719,,,,1.8101189136505127,,,
0.546875,0.5473924875259399,7,2729,,,,1.7068570852279663,,,
0.484375,0.49278274178504944,7,2739,,,,1.9023375511169434,,,
0.53125,0.5255580544471741,7,2749,,,,1.6357674598693848,,,
0.546875,0.535937488079071,7,2759,,,,1.6941040754318237,,,
0.46875,0.4425223469734192,7,2769,,,,1.8112632036209106,,,
0.46875,0.45911461114883423,7,2779,,,,1.8638079166412354,,,
0.5078125,0.5101122856140137,7,2789,,,,1.870239019393921,,,
0.484375,0.4767299294471741,7,2799,,,,1.8782286643981934,,,
0.578125,0.586718738079071,7,2809,,,,1.5531939268112183,,,
,,7,2815,,,,,0.49000000953674316,0.47719356417655945,1.943153738975525
0.5703125,0.547842264175415,8,2819,,,,1.8400263786315918,,,
0.6171875,0.608035683631897,8,2829,,,,1.382819652557373,,,
0.5390625,0.5079612731933594,8,2839,,,,1.7134190797805786,,,
0.5625,0.544549822807312,8,2849,,,,1.670163869857788,,,
0.6328125,0.6234003305435181,8,2859,,,,1.570358157157898,,,
0.5859375,0.5748511552810669,8,2869,,,,1.6114217042922974,,,
0.5546875,0.5811756253242493,8,2879,,,,1.7432887554168701,,,
0.53125,0.5355654954910278,8,2889,,,,1.690321683883667,,,
0.53125,0.5282304286956787,8,2899,,,,1.607889175415039,,,
0.578125,0.5758556723594666,8,2909,,,,1.3927757740020752,,,
0.53125,0.5149554014205933,8,2919,,,,1.6170326471328735,,,
0.5859375,0.5845052003860474,8,2929,,,,1.530405044555664,,,
0.4921875,0.4957217574119568,8,2939,,,,1.8834843635559082,,,
0.5546875,0.5692088603973389,8,2949,,,,1.6616535186767578,,,
0.5703125,0.5650173425674438,8,2959,,,,1.6779711246490479,,,
0.5234375,0.5334821939468384,8,2969,,,,1.732778787612915,,,
0.4921875,0.4709635376930237,8,2979,,,,1.9113702774047852,,,
0.5625,0.549795389175415,8,2989,,,,1.5450439453125,,,
0.515625,0.5252790451049805,8,2999,,,,1.7186442613601685,,,
0.5625,0.5337104797363281,8,3009,,,,1.7176337242126465,,,
0.5703125,0.5746279954910278,8,3019,,,,1.6556718349456787,,,
0.53125,0.552021324634552,8,3029,,,,1.524139165878296,,,
0.5078125,0.5071242451667786,8,3039,,,,1.7126538753509521,,,
0.5859375,0.5978795289993286,8,3049,,,,1.374798059463501,,,
0.546875,0.5286458730697632,8,3059,,,,1.5216636657714844,,,
0.5234375,0.5343750715255737,8,3069,,,,1.6280670166015625,,,
0.5,0.5083333253860474,8,3079,,,,1.7779710292816162,,,
0.6015625,0.6110305190086365,8,3089,,,,1.5230543613433838,,,
0.546875,0.5344122052192688,8,3099,,,,1.661297082901001,,,
0.5625,0.5384300947189331,8,3109,,,,1.5999369621276855,,,
0.6328125,0.6239955425262451,8,3119,,,,1.3836076259613037,,,
0.5078125,0.5213789343833923,8,3129,,,,1.5901579856872559,,,
0.546875,0.5570498704910278,8,3139,,,,1.5892727375030518,,,
0.59375,0.5918340682983398,8,3149,,,,1.6130732297897339,,,
0.609375,0.602529764175415,8,3159,,,,1.4114336967468262,,,
,,8,3167,,,,,0.5031999945640564,0.49502432346343994,1.8669744729995728
0.59375,0.596428632736206,9,3169,,,,1.4403541088104248,,,
0.5625,0.5317150354385376,9,3179,,,,1.5889256000518799,,,
0.5703125,0.5698863863945007,9,3189,,,,1.6539084911346436,,,
0.5703125,0.5615823864936829,9,3199,,,,1.4783790111541748,,,
0.609375,0.6000930070877075,9,3209,,,,1.433366060256958,,,
0.7265625,0.7353298664093018,9,3219,,,,1.1320126056671143,,,
0.578125,0.5734002590179443,9,3229,,,,1.5609476566314697,,,
0.5546875,0.5675843358039856,9,3239,,,,1.5988636016845703,,,
0.59375,0.5908809900283813,9,3249,,,,1.3948023319244385,,,
0.6484375,0.6504836678504944,9,3259,,,,1.2776633501052856,,,
0.6171875,0.635937511920929,9,3269,,,,1.3893451690673828,,,
0.5546875,0.5399621725082397,9,3279,,,,1.4358669519424438,,,
0.5703125,0.5409784317016602,9,3289,,,,1.6648132801055908,,,
0.6328125,0.6282862424850464,9,3299,,,,1.2125027179718018,,,
0.53125,0.5181547999382019,9,3309,,,,1.724278450012207,,,
0.5234375,0.5334449410438538,9,3319,,,,1.464013934135437,,,
0.6171875,0.5994295477867126,9,3329,,,,1.3752050399780273,,,
0.5625,0.5762090682983398,9,3339,,,,1.5615547895431519,,,
0.5234375,0.5043560862541199,9,3349,,,,1.638511300086975,,,
0.671875,0.6613281965255737,9,3359,,,,1.212158441543579,,,
0.5625,0.5515625476837158,9,3369,,,,1.5624008178710938,,,
0.5234375,0.5131510496139526,9,3379,,,,1.6386432647705078,,,
0.5234375,0.5072916746139526,9,3389,,,,1.664062738418579,,,
0.5703125,0.5293402671813965,9,3399,,,,1.6282566785812378,,,
0.5234375,0.5166666507720947,9,3409,,,,1.6354347467422485,,,
0.6171875,0.5979353189468384,9,3419,,,,1.432746171951294,,,
0.5625,0.5403646230697632,9,3429,,,,1.3936102390289307,,,
0.5859375,0.5660342574119568,9,3439,,,,1.5432937145233154,,,
0.5234375,0.526357889175415,9,3449,,,,1.732271671295166,,,
0.609375,0.6217696070671082,9,3459,,,,1.4075093269348145,,,
0.625,0.6290550827980042,9,3469,,,,1.4631102085113525,,,
0.671875,0.6599702835083008,9,3479,,,,1.2039659023284912,,,
0.6328125,0.6292225122451782,9,3489,,,,1.1977967023849487,,,
0.640625,0.6244126558303833,9,3499,,,,1.462989330291748,,,
0.5703125,0.5743259191513062,9,3509,,,,1.568717360496521,,,
0.5972222089767456,0.5691137313842773,9,3519,,,,1.636025309562683,,,
,,9,3519,,,,,0.5252000093460083,0.5179982781410217,1.7949016094207764
0.6328125,0.6342819929122925,10,3529,,,,1.2302055358886719,,,
0.6328125,0.6264508962631226,10,3539,,,,1.3935133218765259,,,
0.5859375,0.5724206566810608,10,3549,,,,1.1812922954559326,,,
0.578125,0.5682663917541504,10,3559,,,,1.3818981647491455,,,
0.5546875,0.5518786907196045,10,3569,,,,1.396364450454712,,,
0.625,0.6211805939674377,10,3579,,,,1.35209321975708,,,
0.6875,0.6864211559295654,10,3589,,,,1.1008579730987549,,,
0.671875,0.6707465648651123,10,3599,,,,1.184208631515503,,,
0.6171875,0.595889151096344,10,3609,,,,1.3645362854003906,,,
0.640625,0.6434028148651123,10,3619,,,,1.3793504238128662,,,
0.5625,0.5659226775169373,10,3629,,,,1.5656208992004395,,,
0.59375,0.5958333015441895,10,3639,,,,1.5856387615203857,,,
0.6328125,0.6005580425262451,10,3649,,,,1.2674232721328735,,,
0.59375,0.5915364623069763,10,3659,,,,1.42094087600708,,,
0.625,0.6209449768066406,10,3669,,,,1.2814080715179443,,,
0.5234375,0.507372260093689,10,3679,,,,1.8456604480743408,,,
0.625,0.6098586320877075,10,3689,,,,1.1598635911941528,,,
0.5390625,0.5234746932983398,10,3699,,,,1.6045781373977661,,,
0.5703125,0.5698040723800659,10,3709,,,,1.4040539264678955,,,
0.6015625,0.5692894458770752,10,3719,,,,1.5950137376785278,,,
0.6484375,0.6508184671401978,10,3729,,,,1.3492392301559448,,,
0.625,0.6071925163269043,10,3739,,,,1.3262721300125122,,,
0.6015625,0.5791903734207153,10,3749,,,,1.4146121740341187,,,
0.640625,0.6547247171401978,10,3759,,,,1.2762725353240967,,,
0.609375,0.609188973903656,10,3769,,,,1.3685553073883057,,,
0.6796875,0.6648313999176025,10,3779,,,,1.2516255378723145,,,
0.6015625,0.6006200313568115,10,3789,,,,1.4145863056182861,,,
0.640625,0.6330171227455139,10,3799,,,,1.1994606256484985,,,
0.640625,0.6385788917541504,10,3809,,,,1.4040329456329346,,,
0.65625,0.6499193906784058,10,3819,,,,1.293924331665039,,,
0.625,0.6246651411056519,10,3829,,,,1.3304929733276367,,,
0.6796875,0.6727340221405029,10,3839,,,,1.0326275825500488,,,
0.5703125,0.6019717454910278,10,3849,,,,1.3727915287017822,,,
0.6015625,0.602920413017273,10,3859,,,,1.3992183208465576,,,
0.609375,0.6115079522132874,10,3869,,,,1.4133038520812988,,,
,,10,3871,,,,,0.5347999930381775,0.5274491310119629,1.7819453477859497
0.6171875,0.6129836440086365,11,3879,,,,1.3716938495635986,,,
0.671875,0.6877232789993286,11,3889,,,,1.0668725967407227,,,
0.6875,0.6651289463043213,11,3899,,,,1.2592427730560303,,,
0.671875,0.6666170954704285,11,3909,,,,1.1842950582504272,,,
0.5625,0.5544642806053162,11,3919,,,,1.4172122478485107,,,
0.6171875,0.6066096425056458,11,3929,,,,1.4872714281082153,,,
0.640625,0.6277592182159424,11,3939,,,,1.2831447124481201,,,
0.6484375,0.6432292461395264,11,3949,,,,1.2652647495269775,,,
0.6796875,0.6713913679122925,11,3959,,,,1.1627200841903687,,,
0.640625,0.6417224407196045,11,3969,,,,1.2058610916137695,,,
0.6484375,0.6584635376930237,11,3979,,,,1.0993292331695557,,,
0.65625,0.6510416865348816,11,3989,,,,1.203674077987671,,,
0.6171875,0.6282709836959839,11,3999,,,,1.4501032829284668,,,
0.640625,0.621379017829895,11,4009,,,,1.1314401626586914,,,
0.671875,0.6655534505844116,11,4019,,,,1.3190734386444092,,,
0.625,0.6343439817428589,11,4029,,,,1.4518742561340332,,,
0.625,0.6175037622451782,11,4039,,,,1.2755088806152344,,,
0.734375,0.7209325432777405,11,4049,,,,1.1133053302764893,,,
0.7421875,0.7411831021308899,11,4059,,,,0.9739269018173218,,,
0.6484375,0.6435081958770752,11,4069,,,,1.2464370727539062,,,
0.640625,0.6587053537368774,11,4079,,,,1.3398796319961548,,,
0.6640625,0.6590401530265808,11,4089,,,,1.0606409311294556,,,
0.59375,0.581231415271759,11,4099,,,,1.3402249813079834,,,
0.609375,0.6151971817016602,11,4109,,,,1.2903087139129639,,,
0.625,0.637177586555481,11,4119,,,,1.3105132579803467,,,
0.5859375,0.5997023582458496,11,4129,,,,1.4156396389007568,,,
0.5703125,0.5774801969528198,11,4139,,,,1.3891487121582031,,,
0.6640625,0.682539701461792,11,4149,,,,1.1522046327590942,,,
0.640625,0.6427083015441895,11,4159,,,,1.1737663745880127,,,
0.59375,0.5777902007102966,11,4169,,,,1.573866844177246,,,
0.6328125,0.6433408260345459,11,4179,,,,1.2520647048950195,,,
0.7109375,0.7078993320465088,11,4189,,,,0.8588549494743347,,,
0.546875,0.5458085536956787,11,4199,,,,1.5336482524871826,,,
0.625,0.6267113089561462,11,4209,,,,1.3111789226531982,,,
0.6484375,0.656994104385376,11,4219,,,,1.1666277647018433,,,
,,11,4223,,,,,0.5392000079154968,0.5307261943817139,1.7446913719177246
0.6796875,0.6814174652099609,12,4229,,,,1.119754433631897,,,
0.671875,0.6630022525787354,12,4239,,,,0.9757288694381714,,,
0.6328125,0.6415550708770752,12,4249,,,,1.173731803894043,,,
0.6015625,0.5959449410438538,12,4259,,,,1.2909784317016602,,,
0.71875,0.7094308137893677,12,4269,,,,0.9552352428436279,,,
0.6640625,0.6594054698944092,12,4279,,,,1.081072449684143,,,
0.734375,0.728515625,12,4289,,,,0.9504076838493347,,,
0.703125,0.6765625476837158,12,4299,,,,1.0682761669158936,,,
0.65625,0.6471602320671082,12,4309,,,,1.2450966835021973,,,
0.640625,0.6323412656784058,12,4319,,,,1.3023719787597656,,,
0.65625,0.6404303908348083,12,4329,,,,1.0844676494598389,,,
0.6015625,0.6081473231315613,12,4339,,,,1.2741262912750244,,,
0.6171875,0.6084263324737549,12,4349,,,,1.3443105220794678,,,
0.6328125,0.6398438215255737,12,4359,,,,1.1378320455551147,,,
0.6328125,0.6385045051574707,12,4369,,,,1.2040867805480957,,,
0.640625,0.6250743865966797,12,4379,,,,1.3008137941360474,,,
0.671875,0.6699404716491699,12,4389,,,,1.2280316352844238,,,
0.6796875,0.6776785850524902,12,4399,,,,1.1145577430725098,,,
0.671875,0.6585193872451782,12,4409,,,,1.038297176361084,,,
0.6484375,0.6488529443740845,12,4419,,,,1.243396282196045,,,
0.71875,0.7419270873069763,12,4429,,,,0.9389699697494507,,,
0.65625,0.649776816368103,12,4439,,,,1.200575351715088,,,
0.640625,0.6495146751403809,12,4449,,,,1.1824610233306885,,,
0.6875,0.6798239350318909,12,4459,,,,1.2362496852874756,,,
0.703125,0.7119419574737549,12,4469,,,,0.929206371307373,,,
0.6875,0.6860677003860474,12,4479,,,,1.1468945741653442,,,
0.6796875,0.6767857074737549,12,4489,,,,1.1925294399261475,,,
0.6328125,0.6303943395614624,12,4499,,,,1.2477236986160278,,,
0.6953125,0.6719990372657776,12,4509,,,,1.0563712120056152,,,
0.734375,0.7401227951049805,12,4519,,,,1.0115044116973877,,,
0.671875,0.6670386791229248,12,4529,,,,1.1605799198150635,,,
0.6640625,0.6643973588943481,12,4539,,,,1.2215338945388794,,,
0.640625,0.6485490798950195,12,4549,,,,1.1599338054656982,,,
0.625,0.618768572807312,12,4559,,,,1.356987476348877,,,
0.6796875,0.6768972873687744,12,4569,,,,1.0398938655853271,,,
,,12,4575,,,,,0.5446000099182129,0.5361999869346619,1.7196357250213623
0.71875,0.7311891317367554,13,4579,,,,0.9788842797279358,,,
0.6328125,0.6419209241867065,13,4589,,,,1.070122480392456,,,
0.7421875,0.731622040271759,13,4599,,,,0.8711570501327515,,,
0.71875,0.7334449291229248,13,4609,,,,1.086204171180725,,,
0.7109375,0.6916418671607971,13,4619,,,,0.9091768860816956,,,
0.6640625,0.657217264175415,13,4629,,,,1.1845786571502686,,,
0.640625,0.6449697613716125,13,4639,,,,1.0854287147521973,,,
0.7109375,0.7219617962837219,13,4649,,,,0.9493455290794373,,,
0.703125,0.7218378186225891,13,4659,,,,1.2030154466629028,,,
0.7734375,0.7525545954704285,13,4669,,,,0.7483726739883423,,,
0.75,0.7411086559295654,13,4679,,,,0.8769221305847168,,,
0.7578125,0.7397693395614624,13,4689,,,,0.877525269985199,,,
0.6328125,0.6495659351348877,13,4699,,,,1.1201841831207275,,,
0.703125,0.6926525831222534,13,4709,,,,0.9844506978988647,,,
0.7734375,0.7786086201667786,13,4719,,,,0.8556715250015259,,,
0.71875,0.7146408557891846,13,4729,,,,0.9733303189277649,,,
0.6953125,0.6922991275787354,13,4739,,,,0.9836011528968811,,,
0.7421875,0.7414497137069702,13,4749,,,,0.9006891250610352,,,
0.671875,0.6659226417541504,13,4759,,,,1.161303997039795,,,
0.6796875,0.6604539155960083,13,4769,,,,1.0715888738632202,,,
0.75,0.7466224431991577,13,4779,,,,0.836970329284668,,,
0.65625,0.6402281522750854,13,4789,,,,1.1830530166625977,,,
0.6484375,0.6535962820053101,13,4799,,,,1.1593513488769531,,,
0.5859375,0.5850632190704346,13,4809,,,,1.3515069484710693,,,
0.7109375,0.712276816368103,13,4819,,,,0.9986220598220825,,,
0.703125,0.6965960264205933,13,4829,,,,0.9895136952400208,,,
0.671875,0.6674851179122925,13,4839,,,,1.1005994081497192,,,
0.7265625,0.7523809671401978,13,4849,,,,1.0010621547698975,,,
0.734375,0.7215492129325867,13,4859,,,,0.9393246173858643,,,
0.71875,0.7296503186225891,13,4869,,,,1.064102053642273,,,
0.625,0.6421705484390259,13,4879,,,,1.0844635963439941,,,
0.65625,0.6685267686843872,13,4889,,,,1.02907133102417,,,
0.671875,0.6846725940704346,13,4899,,,,1.0387184619903564,,,
0.65625,0.6557156443595886,13,4909,,,,1.1320759057998657,,,
0.6796875,0.7067708373069763,13,4919,,,,1.1472443342208862,,,
,,13,4927,,,,,0.5374000072479248,0.5329680442810059,1.7633484601974487
0.7890625,0.7820932865142822,14,4929,,,,0.853754997253418,,,
0.6953125,0.717410683631897,14,4939,,,,0.9941456913948059,,,
0.828125,0.8285714387893677,14,4949,,,,0.6635477542877197,,,
0.6640625,0.6560702323913574,14,4959,,,,1.0510318279266357,,,
0.75,0.7598451375961304,14,4969,,,,0.9060670137405396,,,
0.7734375,0.7878100275993347,14,4979,,,,0.788140058517456,,,
0.671875,0.6565290689468384,14,4989,,,,1.0695264339447021,,,
0.734375,0.7395461797714233,14,4999,,,,0.8437216877937317,,,
0.7578125,0.7592819929122925,14,5009,,,,1.01638662815094,,,
0.8046875,0.8115079402923584,14,5019,,,,0.9783079624176025,,,
0.71875,0.7223461866378784,14,5029,,,,0.8958684206008911,,,
0.703125,0.688839316368103,14,5039,,,,0.9425551891326904,,,
0.703125,0.6866815090179443,14,5049,,,,1.0048086643218994,,,
0.65625,0.6497395634651184,14,5059,,,,1.2553551197052002,,,
0.7421875,0.7377976179122925,14,5069,,,,0.9826721549034119,,,
0.7265625,0.7246279716491699,14,5079,,,,1.0288023948669434,,,
0.828125,0.8209866285324097,14,5089,,,,0.652626633644104,,,
0.671875,0.6815476417541504,14,5099,,,,1.030923843383789,,,
0.765625,0.7552579641342163,14,5109,,,,1.041809320449829,,,
0.7265625,0.7212549448013306,14,5119,,,,0.9058409929275513,,,
0.7109375,0.7061011791229248,14,5129,,,,0.9519460797309875,,,
0.671875,0.6665550470352173,14,5139,,,,1.191507339477539,,,
0.75,0.7474454641342163,14,5149,,,,0.9233553409576416,,,
0.734375,0.7282924652099609,14,5159,,,,0.8962631821632385,,,
0.7109375,0.7207961678504944,14,5169,,,,0.8954651355743408,,,
0.703125,0.7216269969940186,14,5179,,,,1.1352417469024658,,,
0.734375,0.7442708611488342,14,5189,,,,0.7981195449829102,,,
0.7578125,0.7535004019737244,14,5199,,,,0.7695733308792114,,,
0.6953125,0.7005225419998169,14,5209,,,,1.0758347511291504,,,
0.6171875,0.6071057319641113,14,5219,,,,1.123512864112854,,,
0.71875,0.7183176875114441,14,5229,,,,0.8084740042686462,,,
0.71875,0.7009859085083008,14,5239,,,,0.8932068943977356,,,
0.6953125,0.7001116275787354,14,5249,,,,0.9610090255737305,,,
0.71875,0.7138020992279053,14,5259,,,,0.9880465865135193,,,
0.65625,0.6880332827568054,14,5269,,,,1.071031093597412,,,
0.7638888955116272,0.7824074029922485,14,5279,,,,0.8835222125053406,,,
,,14,5279,,,,,0.5529999732971191,0.5478165745735168,1.7278441190719604
0.734375,0.7206473350524902,15,5289,,,,0.8824499845504761,,,
0.78125,0.8013516664505005,15,5299,,,,0.8134676218032837,,,
0.75,0.7642112970352173,15,5309,,,,0.8013802170753479,,,
0.8125,0.8029593229293823,15,5319,,,,0.6272866725921631,,,
0.75,0.7421317100524902,15,5329,,,,0.9249001741409302,,,
0.78125,0.7726765871047974,15,5339,,,,0.751471996307373,,,
0.7265625,0.7394717931747437,15,5349,,,,0.8641456365585327,,,
0.7734375,0.7620536088943481,15,5359,,,,0.8433738350868225,,,
0.703125,0.6937872171401978,15,5369,,,,0.8713698387145996,,,
0.7109375,0.7126488089561462,15,5379,,,,0.9003680944442749,,,
0.7421875,0.738580584526062,15,5389,,,,0.8983813524246216,,,
0.75,0.7556919455528259,15,5399,,,,0.7607961893081665,,,
0.734375,0.7420573234558105,15,5409,,,,0.8852269649505615,,,
0.78125,0.79296875,15,5419,,,,0.7628774642944336,,,
0.75,0.7581721544265747,15,5429,,,,0.8444573879241943,,,
0.78125,0.7971850037574768,15,5439,,,,0.7563544511795044,,,
0.71875,0.7113839387893677,15,5449,,,,0.8328224420547485,,,
0.765625,0.7657614350318909,15,5459,,,,0.908594012260437,,,
0.7734375,0.7690476179122925,15,5469,,,,0.7157807350158691,,,
0.734375,0.7258618474006653,15,5479,,,,0.8234000205993652,,,
0.6875,0.6916481256484985,15,5489,,,,1.0496885776519775,,,
0.6875,0.6695312261581421,15,5499,,,,0.9939442873001099,,,
0.796875,0.791314959526062,15,5509,,,,0.6835058927536011,,,
0.7109375,0.7076388597488403,15,5519,,,,0.9155235290527344,,,
0.75,0.7449033260345459,15,5529,,,,0.8801807165145874,,,
0.7734375,0.7808283567428589,15,5539,,,,0.750225305557251,,,
0.7265625,0.7256014347076416,15,5549,,,,0.904394268989563,,,
0.7421875,0.7401413321495056,15,5559,,,,0.8025060892105103,,,
0.7265625,0.7290178537368774,15,5569,,,,0.8299174904823303,,,
0.703125,0.6996465921401978,15,5579,,,,1.0817244052886963,,,
0.7265625,0.7271515727043152,15,5589,,,,0.7838276624679565,,,
0.7578125,0.7634114623069763,15,5599,,,,0.6631723046302795,,,
0.78125,0.7616815567016602,15,5609,,,,0.6868710517883301,,,
0.7578125,0.7609950304031372,15,5619,,,,0.7741750478744507,,,
0.734375,0.739006757736206,15,5629,,,,0.9809410572052002,,,
,,15,5631,,,,,0.5404000282287598,0.5341960191726685,1.7865740060806274
0.765625,0.7698289155960083,16,5639,,,,0.686261773109436,,,
0.765625,0.7497023940086365,16,5649,,,,0.7860375046730042,,,
0.7578125,0.7547619342803955,16,5659,,,,0.7439621686935425,,,
0.6484375,0.644717276096344,16,5669,,,,1.1006309986114502,,,
0.8203125,0.8333317041397095,16,5679,,,,0.7872941493988037,,,
0.7265625,0.7267857193946838,16,5689,,,,0.8363836407661438,,,
0.8359375,0.8418526649475098,16,5699,,,,0.5314028263092041,,,
0.7421875,0.7352578639984131,16,5709,,,,0.8128971457481384,,,
0.7578125,0.7681518793106079,16,5719,,,,0.7805006504058838,,,
0.703125,0.7107085585594177,16,5729,,,,0.9470213651657104,,,
0.796875,0.7969121932983398,16,5739,,,,0.7916091680526733,,,
0.7890625,0.7841393947601318,16,5749,,,,0.7640568017959595,,,
0.75,0.7313109040260315,16,5759,,,,0.8492114543914795,,,
0.8125,0.8065104484558105,16,5769,,,,0.6115585565567017,,,
0.6796875,0.6871465444564819,16,5779,,,,0.9438340663909912,,,
0.6640625,0.6566158533096313,16,5789,,,,1.1427702903747559,,,
0.734375,0.7471725940704346,16,5799,,,,0.88946533203125,,,
0.7421875,0.7460193634033203,16,5809,,,,0.785372257232666,,,
0.7578125,0.7426215410232544,16,5819,,,,0.7932562232017517,,,
0.7578125,0.7484003305435181,16,5829,,,,0.8871995210647583,,,
0.8203125,0.8261346817016602,16,5839,,,,0.653437614440918,,,
0.7265625,0.7008928656578064,16,5849,,,,0.8092482686042786,,,
0.796875,0.7954612970352173,16,5859,,,,0.6800422072410583,,,
0.75,0.7499442100524902,16,5869,,,,0.8741174340248108,,,
0.7265625,0.7453373670578003,16,5879,,,,0.9281971454620361,,,
0.765625,0.7572758793830872,16,5889,,,,0.8385187387466431,,,
0.7109375,0.7169519066810608,16,5899,,,,1.0615713596343994,,,
0.8203125,0.8289806842803955,16,5909,,,,0.7277700901031494,,,
0.7734375,0.7676215171813965,16,5919,,,,0.8247568011283875,,,
0.7578125,0.7426959276199341,16,5929,,,,0.7005936503410339,,,
0.734375,0.7421875,16,5939,,,,0.9440672993659973,,,
0.75,0.75942462682724,16,5949,,,,0.8411182165145874,,,
0.7421875,0.7364335656166077,16,5959,,,,0.8233340978622437,,,
0.71875,0.714756965637207,16,5969,,,,0.9696187376976013,,,
0.796875,0.791741132736206,16,5979,,,,0.8009869456291199,,,
,,16,5983,,,,,0.5465999841690063,0.5390885472297668,1.7606853246688843
0.7578125,0.759325385093689,17,5989,,,,0.7677187919616699,,,
0.765625,0.7569692134857178,17,5999,,,,0.8037775158882141,,,
0.796875,0.7852926850318909,17,6009,,,,0.7464912533760071,,,
0.890625,0.8869420289993286,17,6019,,,,0.5649441480636597,,,
0.8046875,0.8126426339149475,17,6029,,,,0.6756688356399536,,,
0.84375,0.8462426066398621,17,6039,,,,0.5581013560295105,,,
0.796875,0.7822545170783997,17,6049,,,,0.6332550048828125,,,
0.71875,0.726748526096344,17,6059,,,,0.833706259727478,,,
0.8046875,0.8240141868591309,17,6069,,,,0.7144507765769958,,,
0.84375,0.833370566368103,17,6079,,,,0.5559831261634827,,,
0.8046875,0.7978794574737549,17,6089,,,,0.7749201655387878,,,
0.765625,0.7664868831634521,17,6099,,,,0.6569013595581055,,,
0.734375,0.7319444417953491,17,6109,,,,0.9457781910896301,,,
0.8046875,0.8036458492279053,17,6119,,,,0.7556807994842529,,,
0.8125,0.8279328346252441,17,6129,,,,0.6378552317619324,,,
0.8984375,0.8973958492279053,17,6139,,,,0.4311216473579407,,,
0.7578125,0.7580543756484985,17,6149,,,,0.7090902328491211,,,
0.8046875,0.8025546073913574,17,6159,,,,0.6605693101882935,,,
0.84375,0.8546006679534912,17,6169,,,,0.5585131049156189,,,
0.734375,0.7436755895614624,17,6179,,,,1.0071743726730347,,,
0.7890625,0.7957899570465088,17,6189,,,,0.7106063961982727,,,
0.7578125,0.7609250545501709,17,6199,,,,0.730577826499939,,,
0.8125,0.818359375,17,6209,,,,0.6436179280281067,,,
0.765625,0.7672185301780701,17,6219,,,,0.6766791343688965,,,
0.8203125,0.8200272917747498,17,6229,,,,0.5241683721542358,,,
0.6875,0.6860862970352173,17,6239,,,,0.978132963180542,,,
0.796875,0.7910342216491699,17,6249,,,,0.592186450958252,,,
0.8359375,0.8280506134033203,17,6259,,,,0.5800706148147583,,,
0.84375,0.8471726179122925,17,6269,,,,0.5502707362174988,,,
0.84375,0.8474454283714294,17,6279,,,,0.6036202907562256,,,
0.7578125,0.7548131942749023,17,6289,,,,0.8018266558647156,,,
0.734375,0.7427455186843872,17,6299,,,,0.8440829515457153,,,
0.78125,0.7736979722976685,17,6309,,,,0.7374134659767151,,,
0.78125,0.7966146469116211,17,6319,,,,0.6898090839385986,,,
0.8046875,0.8067150712013245,17,6329,,,,0.7649669051170349,,,
,,17,6335,,,,,0.5583999752998352,0.551999568939209,1.8081412315368652
,,18,6336,0.5579000115394592,0.5535627007484436,1.7912378311157227,,,,
,,18,6336,0.5579000115394592,0.5535627007484436,1.7912378311157227,,,,
